iter	Accuracy	MultiClass
0	0.41625	1.37500491	01	0.41875	1.3645062	0.2	0.41375	1.355623	0.43	0.41375	1.348654049
4	0.41375	1.345	0.4125	1.336540156
6	0.4125	1.331978825
7	0.4125	1.326217231
8	0.4125	1.322920696
